Workbook

Sheet README
A1: A Day in the Life: Clinical Research Coordinator (CRC) — Sample Workflow
A3: PURPOSE
A4: This workbook simulates the core daily tasks of a Clinical Research Coordinator, built around a REDCap-style data dictionary.
A6: DATA SOURCE
A7: Participant vital signs and demographics in this workbook are illustrative sample data for portfolio purposes, generated to follow realistic clinical ranges.
A9: HOW TO USE THIS WORKBOOK
A10: 1. DATA_DICTIONARY - the study's field specifications 2. Enrollment_Log - raw data entry, one row per participant 3. QC_Query_Log - automatic checks for data-entry errors 4. Vital_Sign_Alerts - flags dangerous vital sign readings 5. Daily_Status_Report - end-of-day summary for the study lead

Sheet DATA_DICTIONARY
A1: Variable / Field Name | B1: Form Name | C1: Section Header | D1: Field Type | E1: Field Label | F1: Choices, Calculations, OR Slider Labels | G1: Field Note | H1: Text Validation Type OR Show Slider Number | I1: Text Validation Min | J1: Text Validation Max | K1: Identifier? | L1: Branching Logic | M1: Required Field? | N1: Custom Alignment | O1: Question Number | P1: Matrix Group Name | Q1: Matrix Ranking? | R1: Field Annotation
A2: record_id | B2: demographics | C2: Study Registration | D2: text | E2: Participant ID | G2: Auto-generated or assigned study ID | M2: y
A3: sub_initials | B3: demographics | D3: text | E3: Participant Initials | G3: AB | K3: y
A4: dob | B4: demographics | D4: text | E4: Date of Birth | H4: date_ymd | K4: y
A5: sex | B5: demographics | C5: Demographic Information | D5: radio | E5: Biological Sex | F5: 1, Male | 2, Female | 3, Intersex | 99, Unknown | M5: y
A6: ethnicity | B6: demographics | D6: dropdown | E6: Ethnicity | F6: 1, Hispanic or Latino | 2, Not Hispanic or Latino | 99, Unknown
A7: height_cm | B7: vitals_and_labs | C7: Physical Examination | D7: text | E7: Height | G7: Centimeters (cm) | H7: number | I7: 100 | J7: 250
A8: weight_kg | B8: vitals_and_labs | D8: text | E8: Weight | G8: Kilograms (kg) | H8: number | I8: 30 | J8: 300
A9: sys_bp | B9: vitals_and_labs | C9: Vital Signs | D9: text | E9: Systolic Blood Pressure | G9: mmHg | H9: integer | I9: 105 | J9: 150
A10: dia_bp | B10: vitals_and_labs | C10: Vital Signs | D10: text | E10: Diastolic Blood Pressure | G10: mmHg | H10: integer | I10: 65 | J10: 95
A11: heart_rate | B11: vitals_and_labs | D11: text | E11: Heart Rate | G11: Beats per minute (bpm) | H11: integer | I11: 58 | J11: 100
A12: bmi | B12: vitals_and_labs | D12: calc | E12: Body Mass Index (BMI) | F12: round(([weight_kg] / (([height_cm]/100)^2)), 1) | G12: Calculated automatically in kg/m²
A13: map_mmHg | B13: vitals_and_labs | D13: calc | E13: Mean Arterial Pressure (MAP) | F13: round((([sys_bp]+ (2*[dia_bp]))/3),1) | G13: Calculated automatically in mmHg
A14: diabetes_hx | B14: medical_history | C14: Medical History & Conditions | D14: radio | E14: Has the participant ever been diagnosed with Diabetes? | F14: 1, Yes | 0, No | 99, Unknown
A15: diabetes_type | B15: medical_history | D15: dropdown | E15: Specify Diabetes Type | F15: 1, Type 1 | 2, Type 2 | 3, Gestational | 4, Other | L15: [diabetes_hx] = '1'
A16: pregnant | B16: medical_history | C16: Reproductive Health | D16: radio | E16: Is the participant currently pregnant? | F16: 1, Yes | 0, No | 99, Not Applicable / Unknown | L16: [sex] = '2'
A17: edd | B17: medical_history | D17: text | E17: Estimated Date of Delivery (EDD) | H17: date_ymd | L17: [pregnant] = '1'
A18: sym_fatigue | B18: symptom_checklist | C18: Baseline Symptom Assessment | D18: radio | E18: Over the past 7 days, how often have you experienced Fatigue? | F18: 0, Never | 1, Mild | 2, Moderate | 3, Severe | P18: symptom_grid
A19: sym_nausea | B19: symptom_checklist | D19: radio | E19: Over the past 7 days, how often have you experienced Nausea? | P19: symptom_grid
A20: sym_headache | B20: symptom_checklist | D20: radio | E20: Over the past 7 days, how often have you experienced Headaches? | P20: symptom_grid
A21: curr_meds | B21: concomitant_medications | C21: Concomitant Medications | D21: checkbox | E21: Select all medication classes the participant is currently taking: | F21: 1, Antihypertensives | 2, Statins | 3, Antidiabetics | 4, Analgesics | 99, None
A22: admin_notes | B22: administrative_log | C22: Study Administration & Sign-off | D22: notes | E22: Clinical Coordinator Notes | G22: Enter any protocol deviations or additional context
A23: entry_date | B23: administrative_log | D23: text | E23: Date of Data Entry Completion | H23: date_ymd | R23: @TODAY

Sheet Enrollment_Log
A1: record_id | B1: sub_initials | C1: dob | D1: sex | E1: height_cm | F1: weight_kg | G1: sys_bp | H1: dia_bp | I1: heart_rate | J1: diabetes_hx | K1: diabetes_type | L1: pregnant | M1: edd | N1: bmi | O1: map_mmhg
A2: P001 | B2: A.B. | C2: 36090 | D2: Female | E2: 150 | F2: 73 | G2: 110 | H2: 79 | I2: 82 | J2: No | L2: No | N2: 32.4 | O2: 77
A3: P002 | B3: C.D. | C3: 28817 | D3: Male | E3: 171 | F3: 50 | G3: 140 | H3: 79 | I3: 59 | J3: No | L3: Not Applicable | N3: 17.1 | O3: 99.3
A4: P003 | B4: E.F. | C4: 34624 | D4: Female | E4: 174 | F4: 51 | G4: 150 | H4: 90 | I4: 100 | J4: Yes | K4: Type 2 | L4: No | N4: 16.8 | O4: 152
A5: P004 | B5: G.H | C5: 34474 | D5: Male | E5: 180 | F5: 65 | G5: 228 | H5: 101 | I5: 89 | J5: Yes | K5: Type 2 | L5: Not Applicable | N5: 20.1 | O5: 143.3
A6: P005 | B6: I.J | C6: 20719 | D6: Male | E6: 186 | F6: 60 | G6: 150 | H6: 92 | I6: 63 | J6: No | L6: Not Applicable | N6: 17.3 | O6: 118.7
A7: P006 | B7: K.L | C7: 33588 | D7: Male | E7: 175 | F7: 65 | G7: 138 | H7: 88 | I7: 79 | J7: No | L7: Not Applicable | N7: 21.2 | O7: 118.7
A8: P007 | B8: M.N | C8: 23734 | D8: Female | E8: 166 | F8: 78 | G8: 150 | H8: 75 | I8: 124 | J8: No | L8: No | N8: 28.3 | O8: 100
A9: P008 | B9: O.P | C9: 28008 | D9: Male | E9: 166 | F9: 110 | G9: 100 | H9: 60 | I9: 90 | J9: No | L9: Not Applicable | N9: 39.9 | O9: 135
A10: P009 | B10: Q.R | C10: 29408 | D10: Male | E10: 176 | F10: 107 | G10: 138 | H10: 90 | I10: 62 | J10: Yes | K10: Type 2 | L10: Not Applicable | N10: 34.5 | O10: 162.7
A11: P010 | B11: S.T | C11: 24506 | D11: Male | E11: 168 | F11: 79 | G11: 150 | H11: 90 | I11: 70 | J11: No | L11: Not Applicable | N11: 28 | O11: 150
A12: P011 | B12: U.V | C12: 34432 | D12: Female | E12: 157 | F12: 110 | G12: 185 | H12: 100 | I12: 98 | J12: No | L12: No | N12: 44.6 | O12: 168.3
A13: P012 | B13: W.X | C13: 23635 | D13: Male | E13: 190 | F13: 100 | G13: 130 | H13: 80 | I13: 70 | J13: No | L13: Not Applicable | N13: 27.7 | O13: 191
A14: P013 | B14: Y.Z | C14: 28293 | D14: Female | E14: 151 | F14: 82 | G14: 150 | H14: 88 | I14: 69 | J14: Yes | K14: Type 2 | L14: No | N14: 36 | O14: 97.7
A15: P014 | B15: Z.A | C15: 26534 | D15: Female | E15: 166 | F15: 83 | G15: 246 | H15: 100 | I15: 133 | J15: No | L15: No | N15: 30.1 | O15: 146.7
A16: P015 | B16: B.C | C16: 35902 | D16: Female | E16: 169 | F16: 55 | G16: 110 | H16: 70 | I16: 82 | J16: No | L16: No | N16: 19.3 | O16: 101
A17: P016 | B17: D.E | C17: 37915 | D17: Female | E17: 172 | F17: 88 | G17: 150 | H17: 90 | I17: 89 | J17: Yes | K17: Type 2 | L17: No | N17: 29.7 | O17: 101
A18: P017 | B18: F.G | C18: 34599 | D18: Female | E18: 171 | F18: 87 | G18: 140 | H18: 88 | I18: 95 | J18: No | L18: No | N18: 29.8 | O18: 112
A19: P018 | B19: H.I | C19: 23350 | D19: Female | E19: 167 | F19: 58 | G19: 150 | H19: 90 | I19: 87 | J19: No | L19: Yes | M19: 46266 | N19: 20.8 | O19: 105.7
A20: P019 | B20: J.K | C20: 35602 | D20: Female | E20: 150 | F20: 84 | G20: 132 | H20: 81 | I20: 80 | J20: No | L20: No | N20: 37.3 | O20: 98
A21: P020 | B21: L.M | C21: 21655 | D21: Female | E21: 151 | F21: 107 | G21: 200 | H21: 100 | I21: 100 | J21: No | L21: No | N21: 46.9 | O21: 163.3
A22: P021 | B22: N.O | C22: 32654 | D22: Female | E22: 170 | F22: 92 | G22: 133 | H22: 86 | I22: 67 | J22: No | L22: No | N22: 31.8 | O22: 86.3
A23: P022 | B23: P.Q | C23: 27517 | D23: Male | E23: 181 | F23: 65 | G23: 112 | H23: 78 | I23: 88 | J23: Yes | K23: Type 2 | L23: Not Applicable | N23: 19.8 | O23: 102.7
A24: P023 | B24: R.S | C24: 26010 | D24: Male | E24: 189 | F24: 88 | G24: 120 | H24: 84 | I24: 81 | J24: No | L24: Not Applicable | N24: 24.6 | O24: 161.7
A25: P024 | B25: T.U | C25: 36008 | D25: Female | E25: 151 | F25: 107 | G25: 136 | H25: 85 | I25: 75 | J25: No | L25: No | N25: 46.9 | O25: 158.7
A26: P025 | B26: V.W | C26: 37044 | D26: Female | E26: 165 | F26: 101 | G26: 140 | H26: 80 | I26: 82 | J26: Yes | K26: Type 2 | L26: Yes | M26: 46338 | N26: 37.1 | O26: 106
A27: P026 | B27: X.Y | C27: 23654 | D27: Female | E27: 168 | F27: 93 | G27: 130 | H27: 70 | I27: 90 | J27: No | L27: No | N27: 33 | O27: 144
A28: P027 | B28: Z.B | C28: 35042 | D28: Female | E28: 170 | F28: 52 | G28: 142 | H28: 91 | I28: 69 | J28: No | L28: No | N28: 18 | O28: 177.7
A29: P028 | B29: Z.C | C29: 28684 | D29: Male | E29: 174 | F29: 55 | G29: 107 | H29: 66 | I29: 74 | J29: Yes | K29: Type 2 | L29: Not Applicable | N29: 18.2 | O29: 114.3
A30: P029 | B30: Z.D | C30: 36027 | D30: Male | E30: 168 | F30: 91 | G30: 106 | H30: 66 | I30: 71 | J30: No | L30: Not Applicable | N30: 32.2 | O30: 118.7
A31: P030 | B31: Z.E | C31: 33569 | D31: Male | E31: 177 | F31: 59 | G31: 138 | H31: 86 | I31: 98 | J31: No | L31: Not Applicable | N31: 18.8 | O31: 193.3
M32: =IF(L32="Yes",DATE(2006,RANDBETWEEN(8,12),RANDBETWEEN(1,28)),"")
M33: =IF(L33="Yes",DATE(2006,RANDBETWEEN(8,12),RANDBETWEEN(1,28)),"")

Sheet QC_Query_Log
A1: record_id | B1: height_check | C1: weight_check | D1: sys_bp_check | E1: dia_bp_check | F1: heart_rate_check | G1: diabetes_logic_check | H1: missing_id_check | I1: missing_initials_check | J1: overall_status
A2: =Enrollment_Log!A2 -> P001 | B2: =IF(OR(Enrollment_Log!E2<100,Enrollment_Log!E2>250),"OUT OF RANGE","OK") -> OK | C2: =IF(OR(Enrollment_Log!F2<30,Enrollment_Log!F2>300),"OUT OF RANGE","OK") -> OK | D2: =IF(OR(Enrollment_Log!G2<105,Enrollment_Log!G2>150),"OUTSIDE EXPECTED RANGE","OK") -> OK | E2: =IF(OR(Enrollment_Log!H2<65,Enrollment_Log!H2>95),"OUTSIDE EXPECTED RANGE","OK") -> OK | F2: =IF(OR(Enrollment_Log!I2<58,Enrollment_Log!I2>100),"OUTSIDE EXPECTED RANGE","OK") -> OK | G2: =IF(AND(Enrollment_Log!J2<>"Yes",Enrollment_Log!K2<>""),"LOGIC ERROR","OK") -> OK | H2: =IF(Enrollment_Log!A2="","MISSING","OK") -> OK | I2: =IF(Enrollment_Log!B2="","MISSING","OK") -> OK | J2: =IF(COUNTIF(B2:I2,"OK")=8,"OK","REVIEW NEEDED") -> OK
A3: =Enrollment_Log!A3 -> P002 | B3: =IF(OR(Enrollment_Log!E3<100,Enrollment_Log!E3>250),"OUT OF RANGE","OK") -> OK | C3: =IF(OR(Enrollment_Log!F3<30,Enrollment_Log!F3>300),"OUT OF RANGE","OK") -> OK | D3: =IF(OR(Enrollment_Log!G3<105,Enrollment_Log!G3>150),"OUTSIDE EXPECTED RANGE","OK") -> OK | E3: =IF(OR(Enrollment_Log!H3<65,Enrollment_Log!H3>95),"OUTSIDE EXPECTED RANGE","OK") -> OK | F3: =IF(OR(Enrollment_Log!I3<58,Enrollment_Log!I3>100),"OUTSIDE EXPECTED RANGE","OK") -> OK | G3: =IF(AND(Enrollment_Log!J3<>"Yes",Enrollment_Log!K3<>""),"LOGIC ERROR","OK") -> OK | H3: =IF(Enrollment_Log!A3="","MISSING","OK") -> OK | I3: =IF(Enrollment_Log!B3="","MISSING","OK") -> OK | J3: =IF(COUNTIF(B3:I3,"OK")=8,"OK","REVIEW NEEDED") -> OK
A4: =Enrollment_Log!A4 -> P003 | B4: =IF(OR(Enrollment_Log!E4<100,Enrollment_Log!E4>250),"OUT OF RANGE","OK") -> OK | C4: =IF(OR(Enrollment_Log!F4<30,Enrollment_Log!F4>300),"OUT OF RANGE","OK") -> OK | D4: =IF(OR(Enrollment_Log!G4<105,Enrollment_Log!G4>150),"OUTSIDE EXPECTED RANGE","OK") -> OK | E4: =IF(OR(Enrollment_Log!H4<65,Enrollment_Log!H4>95),"OUTSIDE EXPECTED RANGE","OK") -> OK | F4: =IF(OR(Enrollment_Log!I4<58,Enrollment_Log!I4>100),"OUTSIDE EXPECTED RANGE","OK") -> OK | G4: =IF(AND(Enrollment_Log!J4<>"Yes",Enrollment_Log!K4<>""),"LOGIC ERROR","OK") -> OK | H4: =IF(Enrollment_Log!A4="","MISSING","OK") -> OK | I4: =IF(Enrollment_Log!B4="","MISSING","OK") -> OK | J4: =IF(COUNTIF(B4:I4,"OK")=8,"OK","REVIEW NEEDED") -> OK
A5: =Enrollment_Log!A5 -> P004 | B5: =IF(OR(Enrollment_Log!E5<100,Enrollment_Log!E5>250),"OUT OF RANGE","OK") -> OK | C5: =IF(OR(Enrollment_Log!F5<30,Enrollment_Log!F5>300),"OUT OF RANGE","OK") -> OK | D5: =IF(OR(Enrollment_Log!G5<105,Enrollment_Log!G5>150),"OUTSIDE EXPECTED RANGE","OK") -> OUTSIDE EXPECTED RANGE | E5: =IF(OR(Enrollment_Log!H5<65,Enrollment_Log!H5>95),"OUTSIDE EXPECTED RANGE","OK") -> OUTSIDE EXPECTED RANGE | F5: =IF(OR(Enrollment_Log!I5<58,Enrollment_Log!I5>100),"OUTSIDE EXPECTED RANGE","OK") -> OK | G5: =IF(AND(Enrollment_Log!J5<>"Yes",Enrollment_Log!K5<>""),"LOGIC ERROR","OK") -> OK | H5: =IF(Enrollment_Log!A5="","MISSING","OK") -> OK | I5: =IF(Enrollment_Log!B5="","MISSING","OK") -> OK | J5: =IF(COUNTIF(B5:I5,"OK")=8,"OK","REVIEW NEEDED") -> REVIEW NEEDED
A6: =Enrollment_Log!A6 -> P005 | B6: =IF(OR(Enrollment_Log!E6<100,Enrollment_Log!E6>250),"OUT OF RANGE","OK") -> OK | C6: =IF(OR(Enrollment_Log!F6<30,Enrollment_Log!F6>300),"OUT OF RANGE","OK") -> OK | D6: =IF(OR(Enrollment_Log!G6<105,Enrollment_Log!G6>150),"OUTSIDE EXPECTED RANGE","OK") -> OK | E6: =IF(OR(Enrollment_Log!H6<65,Enrollment_Log!H6>95),"OUTSIDE EXPECTED RANGE","OK") -> OK | F6: =IF(OR(Enrollment_Log!I6<58,Enrollment_Log!I6>100),"OUTSIDE EXPECTED RANGE","OK") -> OK | G6: =IF(AND(Enrollment_Log!J6<>"Yes",Enrollment_Log!K6<>""),"LOGIC ERROR","OK") -> OK | H6: =IF(Enrollment_Log!A6="","MISSING","OK") -> OK | I6: =IF(Enrollment_Log!B6="","MISSING","OK") -> OK | J6: =IF(COUNTIF(B6:I6,"OK")=8,"OK","REVIEW NEEDED") -> OK
A7: =Enrollment_Log!A7 -> P006 | B7: =IF(OR(Enrollment_Log!E7<100,Enrollment_Log!E7>250),"OUT OF RANGE","OK") -> OK | C7: =IF(OR(Enrollment_Log!F7<30,Enrollment_Log!F7>300),"OUT OF RANGE","OK") -> OK | D7: =IF(OR(Enrollment_Log!G7<105,Enrollment_Log!G7>150),"OUTSIDE EXPECTED RANGE","OK") -> OK | E7: =IF(OR(Enrollment_Log!H7<65,Enrollment_Log!H7>95),"OUTSIDE EXPECTED RANGE","OK") -> OK | F7: =IF(OR(Enrollment_Log!I7<58,Enrollment_Log!I7>100),"OUTSIDE EXPECTED RANGE","OK") -> OK | G7: =IF(AND(Enrollment_Log!J7<>"Yes",Enrollment_Log!K7<>""),"LOGIC ERROR","OK") -> OK | H7: =IF(Enrollment_Log!A7="","MISSING","OK") -> OK | I7: =IF(Enrollment_Log!B7="","MISSING","OK") -> OK | J7: =IF(COUNTIF(B7:I7,"OK")=8,"OK","REVIEW NEEDED") -> OK
A8: =Enrollment_Log!A8 -> P007 | B8: =IF(OR(Enrollment_Log!E8<100,Enrollment_Log!E8>250),"OUT OF RANGE","OK") -> OK | C8: =IF(OR(Enrollment_Log!F8<30,Enrollment_Log!F8>300),"OUT OF RANGE","OK") -> OK | D8: =IF(OR(Enrollment_Log!G8<105,Enrollment_Log!G8>150),"OUTSIDE EXPECTED RANGE","OK") -> OK | E8: =IF(OR(Enrollment_Log!H8<65,Enrollment_Log!H8>95),"OUTSIDE EXPECTED RANGE","OK") -> OK | F8: =IF(OR(Enrollment_Log!I8<58,Enrollment_Log!I8>100),"OUTSIDE EXPECTED RANGE","OK") -> OUTSIDE EXPECTED RANGE | G8: =IF(AND(Enrollment_Log!J8<>"Yes",Enrollment_Log!K8<>""),"LOGIC ERROR","OK") -> OK | H8: =IF(Enrollment_Log!A8="","MISSING","OK") -> OK | I8: =IF(Enrollment_Log!B8="","MISSING","OK") -> OK | J8: =IF(COUNTIF(B8:I8,"OK")=8,"OK","REVIEW NEEDED") -> REVIEW NEEDED
A9: =Enrollment_Log!A9 -> P008 | B9: =IF(OR(Enrollment_Log!E9<100,Enrollment_Log!E9>250),"OUT OF RANGE","OK") -> OK | C9: =IF(OR(Enrollment_Log!F9<30,Enrollment_Log!F9>300),"OUT OF RANGE","OK") -> OK | D9: =IF(OR(Enrollment_Log!G9<105,Enrollment_Log!G9>150),"OUTSIDE EXPECTED RANGE","OK") -> OUTSIDE EXPECTED RANGE | E9: =IF(OR(Enrollment_Log!H9<65,Enrollment_Log!H9>95),"OUTSIDE EXPECTED RANGE","OK") -> OUTSIDE EXPECTED RANGE | F9: =IF(OR(Enrollment_Log!I9<58,Enrollment_Log!I9>100),"OUTSIDE EXPECTED RANGE","OK") -> OK | G9: =IF(AND(Enrollment_Log!J9<>"Yes",Enrollment_Log!K9<>""),"LOGIC ERROR","OK") -> OK | H9: =IF(Enrollment_Log!A9="","MISSING","OK") -> OK | I9: =IF(Enrollment_Log!B9="","MISSING","OK") -> OK | J9: =IF(COUNTIF(B9:I9,"OK")=8,"OK","REVIEW NEEDED") -> REVIEW NEEDED
A10: =Enrollment_Log!A10 -> P009 | B10: =IF(OR(Enrollment_Log!E10<100,Enrollment_Log!E10>250),"OUT OF RANGE","OK") -> OK | C10: =IF(OR(Enrollment_Log!F10<30,Enrollment_Log!F10>300),"OUT OF RANGE","OK") -> OK | D10: =IF(OR(Enrollment_Log!G10<105,Enrollment_Log!G10>150),"OUTSIDE EXPECTED RANGE","OK") -> OK | E10: =IF(OR(Enrollment_Log!H10<65,Enrollment_Log!H10>95),"OUTSIDE EXPECTED RANGE","OK") -> OK | F10: =IF(OR(Enrollment_Log!I10<58,Enrollment_Log!I10>100),"OUTSIDE EXPECTED RANGE","OK") -> OK | G10: =IF(AND(Enrollment_Log!J10<>"Yes",Enrollment_Log!K10<>""),"LOGIC ERROR","OK") -> OK | H10: =IF(Enrollment_Log!A10="","MISSING","OK") -> OK | I10: =IF(Enrollment_Log!B10="","MISSING","OK") -> OK | J10: =IF(COUNTIF(B10:I10,"OK")=8,"OK","REVIEW NEEDED") -> OK
A11: =Enrollment_Log!A11 -> P010 | B11: =IF(OR(Enrollment_Log!E11<100,Enrollment_Log!E11>250),"OUT OF RANGE","OK") -> OK | C11: =IF(OR(Enrollment_Log!F11<30,Enrollment_Log!F11>300),"OUT OF RANGE","OK") -> OK | D11: =IF(OR(Enrollment_Log!G11<105,Enrollment_Log!G11>150),"OUTSIDE EXPECTED RANGE","OK") -> OK | E11: =IF(OR(Enrollment_Log!H11<65,Enrollment_Log!H11>95),"OUTSIDE EXPECTED RANGE","OK") -> OK | F11: =IF(OR(Enrollment_Log!I11<58,Enrollment_Log!I11>100),"OUTSIDE EXPECTED RANGE","OK") -> OK | G11: =IF(AND(Enrollment_Log!J11<>"Yes",Enrollment_Log!K11<>""),"LOGIC ERROR","OK") -> OK | H11: =IF(Enrollment_Log!A11="","MISSING","OK") -> OK | I11: =IF(Enrollment_Log!B11="","MISSING","OK") -> OK | J11: =IF(COUNTIF(B11:I11,"OK")=8,"OK","REVIEW NEEDED") -> OK
A12: =Enrollment_Log!A12 -> P011 | B12: =IF(OR(Enrollment_Log!E12<100,Enrollment_Log!E12>250),"OUT OF RANGE","OK") -> OK | C12: =IF(OR(Enrollment_Log!F12<30,Enrollment_Log!F12>300),"OUT OF RANGE","OK") -> OK | D12: =IF(OR(Enrollment_Log!G12<105,Enrollment_Log!G12>150),"OUTSIDE EXPECTED RANGE","OK") -> OUTSIDE EXPECTED RANGE | E12: =IF(OR(Enrollment_Log!H12<65,Enrollment_Log!H12>95),"OUTSIDE EXPECTED RANGE","OK") -> OUTSIDE EXPECTED RANGE | F12: =IF(OR(Enrollment_Log!I12<58,Enrollment_Log!I12>100),"OUTSIDE EXPECTED RANGE","OK") -> OK | G12: =IF(AND(Enrollment_Log!J12<>"Yes",Enrollment_Log!K12<>""),"LOGIC ERROR","OK") -> OK | H12: =IF(Enrollment_Log!A12="","MISSING","OK") -> OK | I12: =IF(Enrollment_Log!B12="","MISSING","OK") -> OK | J12: =IF(COUNTIF(B12:I12,"OK")=8,"OK","REVIEW NEEDED") -> REVIEW NEEDED
A13: =Enrollment_Log!A13 -> P012 | B13: =IF(OR(Enrollment_Log!E13<100,Enrollment_Log!E13>250),"OUT OF RANGE","OK") -> OK | C13: =IF(OR(Enrollment_Log!F13<30,Enrollment_Log!F13>300),"OUT OF RANGE","OK") -> OK | D13: =IF(OR(Enrollment_Log!G13<105,Enrollment_Log!G13>150),"OUTSIDE EXPECTED RANGE","OK") -> OK | E13: =IF(OR(Enrollment_Log!H13<65,Enrollment_Log!H13>95),"OUTSIDE EXPECTED RANGE","OK") -> OK | F13: =IF(OR(Enrollment_Log!I13<58,Enrollment_Log!I13>100),"OUTSIDE EXPECTED RANGE","OK") -> OK | G13: =IF(AND(Enrollment_Log!J13<>"Yes",Enrollment_Log!K13<>""),"LOGIC ERROR","OK") -> OK | H13: =IF(Enrollment_Log!A13="","MISSING","OK") -> OK | I13: =IF(Enrollment_Log!B13="","MISSING","OK") -> OK | J13: =IF(COUNTIF(B13:I13,"OK")=8,"OK","REVIEW NEEDED") -> OK
... A31: =Enrollment_Log!A31 -> P030 | B31: =IF(OR(Enrollment_Log!E31<100,Enrollment_Log!E31>250),"OUT OF RANGE","OK") -> OK | C31: =IF(OR(Enrollment_Log!F31<30,Enrollment_Log!F31>300),"OUT OF RANGE","OK") -> OK | D31: =IF(OR(Enrollment_Log!G31<105,Enrollment_Log!G31>150),"OUTSIDE EXPECTED RANGE","OK") -> OK | E31: =IF(OR(Enrollment_Log!H31<65,Enrollment_Log!H31>95),"OUTSIDE EXPECTED RANGE","OK") -> OK | F31: =IF(OR(Enrollment_Log!I31<58,Enrollment_Log!I31>100),"OUTSIDE EXPECTED RANGE","OK") -> OK | G31: =IF(AND(Enrollment_Log!J31<>"Yes",Enrollment_Log!K31<>""),"LOGIC ERROR","OK") -> OK | H31: =IF(Enrollment_Log!A31="","MISSING","OK") -> OK | I31: =IF(Enrollment_Log!B31="","MISSING","OK") -> OK | J31: =IF(COUNTIF(B31:I31,"OK")=8,"OK","REVIEW NEEDED") -> OK

Sheet Vital_Sign_Alerts
A1: record_id | B1: sys_bp | C1: dia_bp | D1: heart_rate | E1: alert_status
A2: =Enrollment_Log!A2 -> P001 | B2: =Enrollment_Log!G2 -> 110 | C2: =Enrollment_Log!H2 -> 79 | D2: =Enrollment_Log!I2 -> 82 | E2: =IF(OR(B2>180,C2>120),"URGENT-NOTIFY PHYSICIAN",IF(OR(D2<50,D2>120),"REVIEW-ABNORMAL HEART RATE","NORMAL")) -> NORMAL
A3: =Enrollment_Log!A3 -> P002 | B3: =Enrollment_Log!G3 -> 140 | C3: =Enrollment_Log!H3 -> 79 | D3: =Enrollment_Log!I3 -> 59 | E3: =IF(OR(B3>180,C3>120),"URGENT-NOTIFY PHYSICIAN",IF(OR(D3<50,D3>120),"REVIEW-ABNORMAL HEART RATE","NORMAL")) -> NORMAL
A4: =Enrollment_Log!A4 -> P003 | B4: =Enrollment_Log!G4 -> 150 | C4: =Enrollment_Log!H4 -> 90 | D4: =Enrollment_Log!I4 -> 100 | E4: =IF(OR(B4>180,C4>120),"URGENT-NOTIFY PHYSICIAN",IF(OR(D4<50,D4>120),"REVIEW-ABNORMAL HEART RATE","NORMAL")) -> NORMAL
A5: =Enrollment_Log!A5 -> P004 | B5: =Enrollment_Log!G5 -> 228 | C5: =Enrollment_Log!H5 -> 101 | D5: =Enrollment_Log!I5 -> 89 | E5: =IF(OR(B5>180,C5>120),"URGENT-NOTIFY PHYSICIAN",IF(OR(D5<50,D5>120),"REVIEW-ABNORMAL HEART RATE","NORMAL")) -> URGENT-NOTIFY PHYSICIAN
A6: =Enrollment_Log!A6 -> P005 | B6: =Enrollment_Log!G6 -> 150 | C6: =Enrollment_Log!H6 -> 92 | D6: =Enrollment_Log!I6 -> 63 | E6: =IF(OR(B6>180,C6>120),"URGENT-NOTIFY PHYSICIAN",IF(OR(D6<50,D6>120),"REVIEW-ABNORMAL HEART RATE","NORMAL")) -> NORMAL
A7: =Enrollment_Log!A7 -> P006 | B7: =Enrollment_Log!G7 -> 138 | C7: =Enrollment_Log!H7 -> 88 | D7: =Enrollment_Log!I7 -> 79 | E7: =IF(OR(B7>180,C7>120),"URGENT-NOTIFY PHYSICIAN",IF(OR(D7<50,D7>120),"REVIEW-ABNORMAL HEART RATE","NORMAL")) -> NORMAL
A8: =Enrollment_Log!A8 -> P007 | B8: =Enrollment_Log!G8 -> 150 | C8: =Enrollment_Log!H8 -> 75 | D8: =Enrollment_Log!I8 -> 124 | E8: =IF(OR(B8>180,C8>120),"URGENT-NOTIFY PHYSICIAN",IF(OR(D8<50,D8>120),"REVIEW-ABNORMAL HEART RATE","NORMAL")) -> REVIEW-ABNORMAL HEART RATE
A9: =Enrollment_Log!A9 -> P008 | B9: =Enrollment_Log!G9 -> 100 | C9: =Enrollment_Log!H9 -> 60 | D9: =Enrollment_Log!I9 -> 90 | E9: =IF(OR(B9>180,C9>120),"URGENT-NOTIFY PHYSICIAN",IF(OR(D9<50,D9>120),"REVIEW-ABNORMAL HEART RATE","NORMAL")) -> NORMAL
A10: =Enrollment_Log!A10 -> P009 | B10: =Enrollment_Log!G10 -> 138 | C10: =Enrollment_Log!H10 -> 90 | D10: =Enrollment_Log!I10 -> 62 | E10: =IF(OR(B10>180,C10>120),"URGENT-NOTIFY PHYSICIAN",IF(OR(D10<50,D10>120),"REVIEW-ABNORMAL HEART RATE","NORMAL")) -> NORMAL
A11: =Enrollment_Log!A11 -> P010 | B11: =Enrollment_Log!G11 -> 150 | C11: =Enrollment_Log!H11 -> 90 | D11: =Enrollment_Log!I11 -> 70 | E11: =IF(OR(B11>180,C11>120),"URGENT-NOTIFY PHYSICIAN",IF(OR(D11<50,D11>120),"REVIEW-ABNORMAL HEART RATE","NORMAL")) -> NORMAL
A12: =Enrollment_Log!A12 -> P011 | B12: =Enrollment_Log!G12 -> 185 | C12: =Enrollment_Log!H12 -> 100 | D12: =Enrollment_Log!I12 -> 98 | E12: =IF(OR(B12>180,C12>120),"URGENT-NOTIFY PHYSICIAN",IF(OR(D12<50,D12>120),"REVIEW-ABNORMAL HEART RATE","NORMAL")) -> URGENT-NOTIFY PHYSICIAN
A13: =Enrollment_Log!A13 -> P012 | B13: =Enrollment_Log!G13 -> 130 | C13: =Enrollment_Log!H13 -> 80 | D13: =Enrollment_Log!I13 -> 70 | E13: =IF(OR(B13>180,C13>120),"URGENT-NOTIFY PHYSICIAN",IF(OR(D13<50,D13>120),"REVIEW-ABNORMAL HEART RATE","NORMAL")) -> NORMAL
... A31: =Enrollment_Log!A31 -> P030 | B31: =Enrollment_Log!G31 -> 138 | C31: =Enrollment_Log!H31 -> 86 | D31: =Enrollment_Log!I31 -> 98 | E31: =IF(OR(B31>180,C31>120),"URGENT-NOTIFY PHYSICIAN",IF(OR(D31<50,D31>120),"REVIEW-ABNORMAL HEART RATE","NORMAL")) -> NORMAL

Sheet Daily_Status_Report
A1: Daily Status Report
A3: Total Participant Enrolled | B3: =COUNTA(Enrollment_Log!A2:A31) -> 30
A4: Participats with Diabetes | B4: =COUNTIF(Enrollment_Log!J2:J31,"YES") -> 8
A5: Average_BMI | B5: =ROUND(AVERAGE(Enrollment_Log!N2:N31),1) -> 28.6
A6: Data Quality Isuues Flagged | B6: =COUNTIF(QC_Query_Log!J2:J31,"REVIEW NEEDED") -> 6
A7: Urgent Vital Sign Alerts | B7: =COUNTIF(Vital_Sign_Alerts!E2:E31,"URGENT-NOTIFY PHYSICIAN") -> 4
